Country,2000,2001,2002,2003,2004,2005,2006,2007,2008,2009,2010,2011,2012,2013,2014,2015,2016,2017,2018,2019
Aruba,20620.700630000003,20669.03197,20436.887130000003,20833.761609999998,22569.97499,23300.03956,24045.27248,25835.13267,27084.70369,24630.453709999998,23512.6026,24985.993280000002,24713.69805,26189.43551,26647.9381,27980.8807,28281.35048,29007.693,,
Afghanistan,,,179.426611,190.68381430000002,211.38211690000003,242.0312849,263.7336917,359.6932375,364.66074480000003,438.07603439999997,543.3030418999999,591.1627589999999,641.8714792000001,637.1655232,613.8566892000001,578.4663529000001,547.2281102000001,556.3020024,524.1628808999999,502.1154869
Angola,556.8363181,527.3335285,872.4944916000001,982.9608992999999,1255.5640449999999,1902.422346,2599.566464,3121.995637,4080.9414100000004,3122.780766,3587.883798,4615.468028,5100.095808,5254.882338,5408.410496,4166.979684,3506.072885,4095.812942,3289.646664,2973.59116
Albania,1126.6833179999999,1281.659393,1425.124849,1846.1188129999998,2373.5798440000003,2673.7872829999997,2972.743265,3595.0371630000004,4370.540127,4114.140114,4094.350334,4437.142885,4247.629984,4413.060861,4578.631993999999,3952.801215,4124.055726,4531.020806,5284.380184000001,5352.857411
Andorra,21854.2468,22971.53554,25066.88221,32271.9639,37969.17499,40066.25692,42675.81276,47803.69361,48718.496869999995,43503.18552,40852.66678,43335.32886,38686.461260000004,39538.76672,41303.92937,35762.523069999996,37474.66541,38962.88035,41793.05526,40886.39116
Arab World,2606.076582,2510.261947,2476.6960289999997,2736.4821190000002,3134.673534,3765.8204960000003,4359.807963,4963.541521,6146.391727,5176.528324,5934.2906840000005,6867.692047,7465.151651,7519.80826,7457.461109000001,6387.660615,6097.239025,6102.211067,6603.351189999999,6580.056257
United Arab Emirates,33291.419369999996,31280.78428,31567.473710000002,33499.09375,36333.24984,39365.4339,41907.405660000004,41809.51638,44498.93423,32024.1816,33893.303510000005,39194.67662,40976.499710000004,42412.63028,43751.83889,38663.38381,38141.84676,40644.804039999995,43839.35635,43103.32306
Argentina,7708.100995999999,7208.371567,2593.40415,3349.8061239999997,4277.721351,5109.851325,5919.0120369999995,7245.448317,9020.873098,8225.137176,10385.96443,12848.8642,13082.66433,13080.25473,12334.79825,13789.060419999998,12790.242470000001,14591.86338,11683.94962,10006.14897
Armenia,622.7421391,694.4232277000001,783.2406986000001,930.1273219000001,1191.9190199999998,1643.753029,2158.143697,3139.277499,4010.857243,2994.342544,3218.372707,3525.8047469999997,3681.857456,3838.1858009999996,3986.231624,3607.2966969999998,3591.829276,3914.501268,4220.490277,4622.733493
American Samoa,,,8700.067705,8856.547459000001,8578.944723,8444.9817,8391.561067,8909.449156,9792.666806000001,11961.25823,10271.22452,10294.30227,11568.793,11505.39371,11507.23235,11843.33118,11696.955559999999,10823.4448,11466.690709999999,
Antigua and Barbuda,10920.842690000001,10370.671129999999,10404.43621,10789.95096,11446.63847,12547.61304,13989.71567,15607.089869999998,16024.34555,14113.07726,13049.25705,12746.20502,13272.44133,12909.74418,13501.580919999999,14286.093159999999,15197.61746,15383.41519,16726.98081,17790.30931
Australia,21679.24784,19490.861109999998,20082.483269999997,23447.031000000003,30430.67644,33999.242860000006,36044.922810000004,40960.054489999995,49601.65671,42772.359169999996,52022.1256,62517.83375,68012.1479,68150.10704,62510.791170000004,56755.721710000005,49971.131460000004,54066.47127,57395.91947000001,54907.101910000005
Austria,24564.458290000002,24537.51426,26401.74546,32222.89724,36821.52147,38403.13388,40635.28182,46855.77175,51708.76575,47963.1794,46858.04327,51374.95841,48567.695289999996,50716.70871,51717.49594,44178.04738,45237.805089999994,47549.07904,51525.04643,50277.275089999996
Azerbaijan,655.0974326,703.6838433999999,763.080638,883.6439965,1045.0093789999999,1578.40239,2473.081819,3851.437869,5574.6038020000005,4950.294790999999,5842.805784,7189.691229000001,7496.294648,7875.756953,7891.313147,5500.310382,3880.7387310000004,4147.0897159999995,4739.841710000001,4793.58702
Burundi,136.4639708,134.3634475,123.117628,113.56736640000001,128.3366128,151.6814634,167.3764845,172.49585990000003,198.3529006,212.1368804,234.2356469,249.57797940000003,252.3589799,256.9760028,274.8579479,305.5497728,282.1931304,292.9976307,271.7520444,261.2474725
Belgium,23041.53473,22995.157519999997,24887.56133,30587.668410000002,35364.37533,36795.97688,38672.70594,44262.89599999999,48106.89292,44583.54481,44141.87814,47348.52502,44673.11588,46744.66254,47700.54036,40991.80814,41998.33575,44288.50804,47491.323260000005,46116.69923
Benin,511.400227,517.6142296,572.2287954,709.6905332,797.31268,822.4578309,855.2940392,964.9269439999999,1120.888273,1084.3939,1036.533952,1130.273132,1145.140811,1251.2105179999999,1291.409808,1076.797716,1087.287832,1136.5928470000001,1240.8294640000001,1219.4326720000001
Burkina Faso,254.71752909999998,266.8641557,293.28074669999995,373.78762939999996,417.6270637,457.7515455,473.02918489999996,534.3558864,640.8108774,621.6731034,647.8358465,751.1729572,758.0007013999999,787.4701762999999,792.8467784,653.3269795,687.670175,738.2741589,820.1607938,774.8396902000001
Bangladesh,418.0689683,415.0344266,413.0802546,446.31065920000003,475.29191979999996,499.46194019999996,509.64014289999994,558.0518602999999,634.9870565,702.26441,781.1535936,861.7584443,883.1050005000001,981.8398792000002,1118.853663,1248.453398,1401.620466,1563.913857,1698.350394,1855.7398239999998
Bulgaria,1621.242961,1770.913534,2092.957694,2719.497656,3389.707049,3899.907638,4523.050833,5885.104348,7265.735497,6984.965976,6809.898984,7806.348652,7393.189176999999,7651.817881,7874.260904000001,7053.603706,7545.790332,8331.058025,9423.558612,9737.601351000001
Bahrain,13636.39623,12868.26916,13049.80322,14222.0368,15846.54414,17959.25544,19307.60966,20976.543530000003,23066.53376,19355.90467,20722.137290000002,22514.23795,23654.35139,24744.29696,24989.40012,22688.9444,22619.11667,23709.43047,23991.05668,23503.977130000003
"Bahamas, The",27097.610810000002,27486.23677,28866.801010000003,28327.27087,28395.92466,30278.36692,30713.705280000002,31472.09897,30627.23863,28552.19048,28443.40766,28006.379719999997,29485.62093,28768.029889999998,29445.03053,31405.963560000004,31588.835,31827.2427,32217.87159,32933.48601
Bosnia and Herzegovina,1467.7764769999999,1530.814816,1769.199828,2224.745864,2814.999895,2980.602109,3416.510596,4193.373652,5090.932345,4714.702495,4635.517779,5092.551943,4778.636088,5131.394506000001,5329.635045,4727.277546,4994.68314,5394.59122,6072.1809920000005,6073.265203
Belarus,1276.288034,1244.373185,1479.314583,1819.766059,2378.623286,3125.810535,3847.4341240000003,4735.6576079999995,6377.369732,5351.355382,6029.3968,6519.230195,6940.159254000001,7978.872615,8318.512690000001,5949.106307,5022.626643,5761.74712,6330.075246,6663.295293
Belize,3364.332936,3404.4530170000003,3525.638583,3650.366521,3802.295808,3883.1923890000003,4153.894738,4252.48725,4404.330836,4186.489965,4270.864345,4423.489797,4505.6213020000005,4568.502958,4705.60269,4775.955648,4818.403909000001,4887.577208,4884.734162,4815.163711
Bermuda,56284.16865,58883.959429999995,62583.1002,66111.72523,70359.31911,75882.03386,83912.6978,90849.58698,93605.74817,88463.31282,88207.32756,85973.15842,85458.45551,85748.06541,,,,,,
Bolivia,997.5824598999999,948.8712065999999,904.2266273,907.5371101,967.406992,1034.31124,1218.874459,1372.628225,1715.2089219999998,1754.211061,1955.461557,2346.33717,2609.880819,2908.200085,3081.878834,3035.972215,3076.6589489999997,3351.1240399999997,3548.590153,3552.068762
Brazil,3749.75325,3156.798718,2829.2831920000003,3070.910491,3637.4623890000003,4790.437088000001,5886.4635880000005,7348.030793999999,8831.023117,8597.915352,11286.24302,13245.6125,12370.0242,12300.32488,12112.58821,8814.000987000001,8710.09669,9925.386238,9001.234249,8717.186278
Barbados,11268.25406,11209.174309999999,11361.43367,11699.455759999999,12512.53251,13822.591680000001,15199.45797,16770.72121,17092.582140000002,15885.57971,16056.370980000002,16458.35321,16249.55939,16451.16358,16489.07224,16525.07325,16900.16655,17391.42587,17745.19346,18148.24493
Brunei Darussalam,18012.55626,16472.14862,16850.151130000002,18560.60857,21902.08805,26105.27903,30979.87917,32663.56659,37934.37651,27955.713860000003,35269.55311,47055.84112,47740.5149,44740.08502,41726.78397,31164.56203,27157.82341,28572.146780000003,31628.328789999996,31086.751080000002
Bhutan,718.1878307,764.4366074,845.5102798,962.0969037000001,1068.421776,1228.441824,1330.965297,1757.1825670000003,1828.1492329999999,1819.2134010000002,2258.183141,2563.2575269999998,2538.9459,2472.714309,2652.214589,2752.6642079999997,2930.562989,3286.574703,3243.231126,
Botswana,3522.3086780000003,3278.00825,3190.6154530000003,4330.9449,5073.53765,5520.124720000001,5516.03921,5832.733942,5713.534983,5255.768461,6434.815657,7617.325094,7070.37655,7224.965172,7780.638384999999,6799.875234,7243.852997,7893.210108,8279.601365,7961.338140000001
Central African Republic,251.20687740000002,250.3570114,260.7455273,293.6618517,320.7374603,331.1629242,354.6713801,404.373965,464.5614221,474.7054087,488.4214018,551.7500966,565.800697,380.29816760000006,424.4487513,377.4230017,402.19129060000006,450.90024500000004,475.95360989999995,467.90744060000003
Canada,24190.24962,23738.18072,24169.28473,28200.65808,32034.307739999997,36266.18712,40385.86996,44543.04104,46594.45095,40773.06153,47448.01322,52087.44638,52678.39012,52652.59368,50893.446710000004,43585.51198,42322.48478,45148.55271,46313.17137,46194.725230000004
Central Europe and the Baltics,3942.4381799999996,4347.2763159999995,4929.760469,5936.20961,7164.803283,8347.82284,9468.425951000001,12004.031790000001,14576.991409999999,12293.39198,12576.04184,13889.38578,13015.82872,13718.09775,14161.9073,12493.71382,12792.51412,14198.12986,15966.66834,16184.33201
Switzerland,37868.32306,38538.99005,41376.39399,48087.583139999995,53340.14766,54952.673720000006,57579.50195,63555.2375,72487.84593,69927.46877,74605.72102000001,88415.62806,83538.23008,85112.4644,86605.56337999999,82081.59712,80172.23207,80449.99456,82818.10816,81993.72715
Channel Islands,43381.65784,41804.37092,44544.43344,48859.48302,56753.3862,58197.44938,63239.653829999996,74462.64675,,,,,,,,,,,,
Chile,5074.901624,4574.594421,4446.250505,4772.56282,6194.853107,7598.525121,9464.550243000002,10502.35452,10751.47967,10208.90676,12808.034590000001,14637.240240000001,15351.551330000002,15842.94081,14670.99676,13574.171830000001,13753.59444,14999.37009,15924.794240000001,14896.45387
China,959.3724836000001,1053.108243,1148.50829,1288.6432519999998,1508.668098,1753.417829,2099.229435,2693.969827,3468.3044630000004,3832.2359520000005,4550.453596,5618.132490999999,6316.918863,7050.64592,7678.599431999999,8066.942424,8147.938148,8879.438149,9976.676822,10261.67913
Cote d'Ivoire,651.3059068,664.1276663,716.5302656,869.7125992999999,921.2012673,930.8298181,949.1318328,1061.154026,1235.613366,1210.295426,1213.112645,1208.583026,1243.273487,1415.871758,1561.463655,1972.5461079999998,2013.382462,2111.0270760000003,2302.612951,2286.162777
Cameroon,649.9918454,651.1009075000001,707.8875674,865.9581375,1009.9431199999999,1011.880073,1062.137433,1194.06985,1371.746708,1314.706015,1286.515572,1405.094392,1354.545613,1465.638843,1542.620266,1327.503017,1364.3301099999999,1425.107818,1534.491274,1497.909176
"Congo, Dem. Rep.",405.216253,153.5910092,175.0099651,173.7961353,194.0399624,218.38619080000004,255.4330838,286.3304921,327.56372180000005,298.61968210000003,334.0215726,387.0824654,424.60038610000004,457.96372829999996,486.78708190000003,497.3169608,471.3188404,467.0742375,557.0644182999999,545.2162122999999
"Congo, Rep.",1029.577037,868.3399509,912.2781532,1026.107674,1324.219142,1680.2045879999998,2064.344523,2165.745759,2956.264407,2314.266025,2812.435974,3286.694535,3032.4938829999996,3047.930773,2996.9180260000003,1762.0320179999999,1815.2958429999999,1767.8945210000002,2223.854479,2011.072399
Colombia,2520.4808980000003,2439.6818359999997,2396.627274,2281.40196,2782.62305,3414.4658329999997,3741.093171,4714.072541,5472.536133,5193.241451,6336.709214,7335.1105099999995,8050.058414,8218.033996,8114.0840689999995,6175.876132,5871.223575,6377.851363000001,6718.585324,6432.387583
Comoros,645.8186908,680.3185414,744.4751723999999,935.6115179999999,1059.176884,1068.6003210000001,1113.9577570000001,1238.461514,1387.594626,1339.337191,1316.498848,1447.963587,1403.34862,1505.349473,1513.830379,1242.60319,1273.058953,1323.81159,1415.9553130000002,1393.5223720000001
Cabo Verde,1259.323656,1292.202785,1401.903733,1809.089925,2024.2752480000001,2099.157484,2361.385134,3186.826892,3721.250949,3517.4012450000005,3378.25486,3740.389099,3447.5240409999997,3615.9790409999996,3588.674054,3043.013984,3130.963385,3292.645755,3617.3274880000004,3603.7817939999995
Costa Rica,3772.870012,3944.7376130000002,4024.6519,4129.632791,4385.390719,4654.824822,5201.514095,6071.789165,6859.079022,6760.4775150000005,8141.913127,9121.932518000001,9913.209959,10490.081329999999,10547.15186,11299.135540000001,11666.455909999999,11814.62657,12112.13442,12238.37496
Caribbean small states,5252.809735,5374.137197999999,5599.154459,5943.610645000001,6459.368502,7253.537343999999,8061.230995999999,8913.791951000001,10059.83315,8411.007673,9086.894793000001,9762.053463,10017.383590000001,10140.16594,10202.27477,9939.801206,9384.914524,9557.517493000001,9982.268089,10307.58628
Cuba,2747.098575,2837.738018,2999.245244,3197.133754,3395.71205,3786.664795,4683.5661549999995,5208.716073,5411.271418,5529.67036,5730.354775,6139.71933,6497.321113,6837.7128920000005,7133.342095,7694.01192,8060.795886,8541.210673,8821.818890999999,
Curacao,,,,,,,,,,,,20146.38641,20587.39736,20462.71795,20258.00969,19951.3279,19555.36585,19457.53152,19573.89265,
Cayman Islands,,,,,,,83322.78344,85434.26817000001,85187.84023999999,77398.01584,73350.78482,72328.41163999999,72783.32044,73515.89532000001,74990.43322,76280.48625,78296.09993,81124.51348,85477.28701,
Cyprus,14388.34806,14821.44682,16093.214609999999,20252.238980000002,23792.62136,24959.259169999998,26729.3234,31244.926219999998,35397.36368,32109.242510000004,31023.63833,32396.385739999998,28912.156939999997,27729.1927,27129.626119999997,23333.71491,24532.51906,26338.694340000002,28689.70672,27858.371
Czech Republic,6011.615220000001,6609.205529999999,8032.8966120000005,9773.117503,11685.88724,13346.17639,15183.63605,18373.648999999998,22698.85396,19741.59763,19808.07109,21717.45794,19729.87051,19916.01939,19744.55861,17715.61685,18463.386580000002,20379.89604,23046.94913,23101.7777
Germany,23635.929219999998,23607.882859999998,25077.72908,30243.576530000002,34044.05363,34507.36881,36323.447739999996,41587.2129,45427.15168,41485.90165,41531.9342,46644.77603,43858.36306,46285.76407,47959.99327,41139.54457,42098.92045,44349.589660000005,47639.00344,46258.87829
Djibouti,768.1760767000001,780.9082225999999,791.3894782000001,818.8666297999999,863.2316122999999,904.7297489,967.6686229000001,1052.7256519999999,1223.856861,1267.312801,1343.26873,1451.5429800000002,1559.240651,2312.728803,2464.327841,2658.9787530000003,2802.197051,2914.383856,3141.889219,3408.846254
Dominica,4787.780171,4883.723663000001,4771.040927,4897.44175,5217.230415999999,5160.224314,5518.399108,5952.056669,6469.145738,6902.85717,6967.266654000001,7065.061847,6848.394227,7016.676471,7318.103783,7596.4350620000005,8080.968623000001,7274.7213329999995,7691.345096999999,8300.375074
Denmark,30743.54768,30751.65435,33228.69354,40458.7774,46511.59833,48799.8256,52026.99951,58487.054970000005,64322.0635,58163.27688,58041.39844,61753.64713,58507.50805,61191.1937,62548.98473,53254.856,54663.99837,57141.059839999994,61390.69301,59822.09296
Dominican Republic,2869.105861,2977.148428,3136.1551870000003,2445.435893,2528.577199,3970.32284,4134.683785,4707.792532,5087.985365,5039.402596,5555.389722,5913.432072,6110.369652,6238.133608,6608.828102,6921.517228,7280.880109000001,7609.338798999999,8050.630440000001,8282.116222
Algeria,1764.9738300000001,1740.642423,1781.8373649999999,2103.4130579999996,2609.945608,3113.101094,3478.654871,3950.5193689999996,4923.629265,3883.2612710000003,4480.799271,5455.853529,5592.257099,5499.5814869999995,5493.02559,4177.892515,3946.4439770000004,4044.2766,4114.715061,3948.3432789999997
East Asia & Pacific (excluding high income),956.6720981000001,1008.3682630000001,1106.279813,1241.6325279999999,1428.057728,1640.9600560000001,1961.1329649999998,2461.094187,3091.0732829999997,3327.851534,4005.4889630000002,4858.581874,5378.84239,5891.4577659999995,6306.328414,6522.674364,6612.248471,7173.398308,7971.137515,8222.077729999999
Early-demographic dividend,1336.999304,1300.562379,1241.895696,1358.496792,1552.3363060000001,1780.271725,2003.737176,2338.7244969999997,2595.7736010000003,2460.736569,2944.925795,3252.888306,3362.3827909999995,3373.3066799999997,3444.087951,3297.405256,3328.524055,3548.288051,3582.0022270000004,3641.4942810000002
East Asia & Pacific,4052.343379,3736.2279,3765.7844189999996,4108.71312,4574.633268,4848.234538000001,5105.557388,5672.542598,6498.487645,6647.743114,7697.992805,8861.458466,9420.497882,9466.235451999999,9703.284026000001,9598.278554999999,9857.980865000001,10467.70219,11316.76045,11526.736490000001
Europe & Central Asia (excluding high income),1790.9548579999998,1770.4544640000001,2026.5460640000001,2553.074991,3381.5302030000003,4269.885041,5229.663859,6709.636366,8284.804299,6466.589968,7780.766654000001,9611.536804000001,10189.223979999999,10729.40774,9897.827942,7461.211702,7043.481347,7863.679048999999,8013.860708,8110.721448
Europe & Central Asia,11645.97473,11759.67881,12832.26396,15581.57769,18109.43336,19222.374,20752.63467,24159.81646,26415.008530000003,23138.56059,23604.68119,26109.259009999998,25068.32812,26071.85206,26301.08299,22551.60089,22371.68239,23597.42401,25171.42597,24696.33961
Ecuador,1445.279324,1894.6151690000002,2172.101877,2425.851842,2691.278081,3002.136867,3328.882972,3567.8364380000003,4249.019262,4231.615798,4633.5903579999995,5200.555789999999,5682.045007,6056.330827000001,6377.09153,6124.491643,6060.093329,6213.501276,6295.935399,6183.823825
"Egypt, Arab Rep.",1450.476242,1391.707846,1228.937975,1138.664673,1063.0036630000002,1187.51969,1398.190624,1667.8437210000002,2044.527855,2329.23948,2644.817039,2791.9549620000003,3232.648892,3264.378787,3378.831358,3598.9709479999997,3525.020165,2440.510173,2549.132252,3020.03135
Euro area,20165.78053,20432.38765,22109.18431,27134.7873,30948.718760000003,31936.04537,33767.09252,38666.73429,42177.82092,38423.213760000006,37567.130560000005,40613.87428,37598.04226,39102.913089999995,39857.29176,34381.554789999995,35142.31547,37095.12027,39965.84033,38925.66511
Eritrea,308.1337836,316.82382,293.9557909,334.5854429,407.76997650000004,388.5951226,415.0365994,439.8326905,450.6328403,595.1099872000001,501.3556333000001,642.5076591,,,,,,,,
Spain,14713.065709999999,15355.703169999999,17025.53198,21463.44266,24861.2828,26419.29686,28365.313489999997,32549.970980000002,35366.2596,32042.47408,30502.71971,31636.446310000003,28324.42934,29059.54795,29461.550330000002,25732.01836,26505.34322,28170.434569999998,30337.67913,29613.67114
Estonia,4075.970639,4509.17846,5344.8777979999995,7206.16648,8912.992195,10406.39688,12631.56777,16741.93912,18227.12008,14794.970790000001,14790.821219999998,17621.547440000002,17534.42154,19174.100730000002,20367.10266,17522.230190000002,18237.29584,20388.20955,23258.46758,23659.87229
Ethiopia,124.4608003,120.765782,111.92722350000001,119.49039099999999,136.46625559999998,162.4327265,194.6874305,244.2860372,326.4368267,380.5690479,341.5541149,354.47957579999996,467.0779272,499.5315721,566.9264665000001,640.5418913,717.1245928999999,768.5223076000001,771.5238138999999,857.501351
European Union,16908.72319,17183.62084,18680.55992,22920.89365,26262.06785,27330.99365,29068.604339999998,33549.52344,36912.06494,33359.78899,32931.638119999996,35716.27366,33158.791410000005,34564.11251,35243.20737,30473.740260000002,31162.696389999997,33029.98795,35659.75715,34843.29747
Fragile and conflict affected situations,810.5479232000001,782.3364631000001,732.6645179999999,761.7310151,924.0501367999999,1126.863822,1366.903598,1623.020291,2042.508216,1878.714288,2205.0986120000002,2186.971155,2457.000322,2523.042763,2710.8121929999998,2341.686509,2049.27473,2030.056919,2148.3791739999997,2190.311626
Finland,24285.466819999998,24946.18919,26869.6749,32855.13263,37702.84538,39040.28888,41188.0937,48414.845089999995,53554.03892,47293.99283,46459.97325,51081.99767,47710.790219999995,49878.04324,50260.29986,42784.69836,43784.28396,46316.745460000006,50021.29106,48685.853989999996
Fiji,2076.568784,2039.625697,2260.258398,2837.892246,3334.9316670000003,3659.5793289999997,3747.8607159999997,4072.1015700000003,4167.670285,3362.816555,3652.5274369999997,4371.45751,4591.555784,4840.693716,5605.570331,5390.745237,5651.318066,6101.030843,6266.9679590000005,6220.046421
France,22364.02939,22433.55571,24177.33517,29568.38595,33741.26515,34760.18777,36443.623439999996,41508.43399,45334.11444,41575.41875,40638.334,43790.73205,40874.70351,42592.934089999995,43011.2631,36638.18493,37037.374189999995,38812.16103,41631.09074,40493.92857
Faroe Islands,22653.31605,24419.74244,26732.79047,31497.96692,35467.17547,36205.370539999996,41522.543860000005,47885.69888,50866.0811,47447.870039999994,48530.23385,52083.88914,49459.71723,54853.6256,59440.03076,52404.65933,55822.91472000001,58622.840820000005,,
"Micronesia, Fed. Sts.",2171.950243,2248.429175,2265.880594,2295.889655,2253.092614,2358.280018,2406.182916,2458.611313,2541.4088829999996,2721.8703570000002,2885.4456760000003,3009.1986469999997,3131.3867149999996,2994.679304,2971.45729,2906.376785,3014.7003579999996,3289.701146,3568.2910159999997,
Gabon,4125.7166640000005,3989.556606,4121.958645000001,4922.376526,5729.296958,6888.627147,7214.914544,8447.078591,10212.81943,7690.052234999999,8849.3553,10809.64645,9813.477703,9683.57629,9663.429240000001,7384.71587,6984.451019,7230.396393000001,7956.627815999999,7667.3668609999995
United Kingdom,28149.870010000002,27744.506460000004,30056.586219999997,34419.14791,40290.313969999996,42030.28661,44599.69757,50566.8266,47286.99849,38713.13743,39435.8399,42038.57225,42462.77157,43444.532999999996,47425.60768,44974.83188,41064.13343,40361.41738,43043.22782,42300.26713
Georgia,749.9085236000001,801.9904138999999,853.5164537,1010.0079800000001,1305.047486,1642.7609380000001,1996.0571289999998,2635.353882,3324.735879,2822.66743,3233.295943,4021.7433060000003,4421.818242,4623.745725,4739.188338,4014.185944,4062.1698880000004,4357.000936,4722.787783,4769.186543
Ghana,258.4709595,269.01499839999997,304.5645608,367.8215216,417.5081649,491.9463779,911.9986756000001,1078.160509,1210.622257,1074.75538,1299.344949,1549.462902,1587.561237,2345.392906,1971.0333469999998,1743.8509960000001,1931.3894699999998,2025.9324239999999,2202.312164,2202.1155670000003
Gibraltar,,,,,,,,,,,,,,,,,,,,
Guinea,363.482479,336.63009189999997,343.5373419,393.73992930000003,410.7612161,322.4156816,453.40351849999996,659.9927230000001,715.0968204,674.0855502000001,672.4244026,651.1353634999999,717.0507379,769.0039433,787.2380702,769.2560137,732.9665707,856.5652697999999,983.3094922,1064.1312369999998
"Gambia, The",594.1516429999999,505.42014969999997,411.77248039999995,335.90621699999997,642.7549297999999,665.7219407,662.362461,780.3800991,924.5115163999999,833.2804027000001,860.6378737,762.7610541,742.7811378,700.514972,607.4284041,649.5108293999999,683.9976538999999,676.6559246,712.5123711,751.2946883999999
Guinea-Bissau,308.1441193,319.6774918,331.4938718,371.2198274,404.34913660000007,436.30201969999996,429.6222659,493.07049689999997,597.5763927,557.1716147999999,557.6321326000001,702.7428804,616.4116862000001,634.482446,622.4817167,603.1585129,661.0076548999999,736.7255662,777.9699218,697.7844029
Equatorial Guinea,1725.5547379999998,2313.151289,2744.2081559999997,3618.5760939999996,6152.131238,10963.289359999999,12857.33605,15908.39183,22942.58345,16667.93682,17288.8596,21641.87052,21711.15323,20390.71932,19394.02999,11283.46561,9250.331953,9667.912252,10144.19581,8131.923887999999
Greece,12042.95373,12538.178829999999,14110.313390000001,18477.57841,21955.10409,22551.73574,24801.15781,28827.326360000003,31997.282010000003,29710.9703,26917.758980000002,25916.293530000003,22242.681930000002,21874.8195,21760.9798,18167.773719999997,18116.459619999998,18930.21859,20324.30501,19582.53601
Grenada,5057.173965,5040.670468,5213.896269,5682.5961,5741.598633,6644.02496,6658.540847,7212.506822,7832.423352,7290.6971,7257.756622,7291.058897,7444.504768000001,7789.776381000001,8369.886755,9096.870646,9628.347487000001,10152.83281,10485.907159999999,10965.513159999999
Greenland,19004.10729,19275.47334,20652.87833,27459.76278,32023.452210000003,32489.78191,35458.12312,39780.95144,44367.05565,44918.56488,43988.33249,47186.98147,45936.76595,47535.58995,50484.92757,44536.40131,48181.874189999995,50321.36875,54470.95639,
Guatemala,1664.298958,1575.428557,1710.341468,1765.3516769999999,1889.6918239999998,2101.541818,2287.935715,2531.20608,2848.50316,2695.2212640000002,2898.942215,3281.667502,3408.7849159999996,3522.7736979999995,3779.642328,3994.6369130000003,4173.301665999999,4451.45099,4472.892363,4619.987097
Guam,,,21536.36688,22572.0753,24395.797619999998,26495.87758,26555.6452,27542.226169999998,29056.31429,30026.503210000003,30700.43401,30859.40435,32494.562360000004,33265.38119,34394.097480000004,35278.92594,35562.83791,35615.80463,35712.562139999995,
Guyana,954.4041525,955.6653805999999,974.9491933,997.2100346000001,1056.423886,1105.4964539999999,1954.1333079999997,2331.200342,2566.8870850000003,2756.819889,3033.247725,3425.436441,3788.146749,3934.865262,4031.600662,4166.128516,4542.622067,4586.054572,4979.002188,5468.356629
High income,25102.876959999998,24717.11664,25605.89658,28529.97621,31558.432660000002,33172.20055,34797.80678,37807.871060000005,39888.60952,37123.94591,38650.14499,41536.18271,41343.83883,41628.48055,42293.54451,39730.91955,40332.26339,41971.23735,44351.03906,44540.394089999994
"Hong Kong SAR, China",25756.663780000003,25230.216330000003,24665.89,23977.01945,24928.10037,26649.7508,28224.215060000002,30594.017839999997,31515.66277,30697.34038,32549.99823,35142.48793,36730.8767,38403.77771,40315.285560000004,42431.88828,43731.10682,46165.856510000005,48542.88733,48755.835080000004
Honduras,1080.462129,1120.5522119999998,1122.063942,1145.497561,1204.476619,1296.695959,1420.136121,1572.065504,1727.8277010000002,1789.7066510000002,1904.3464649999999,2088.3153,2144.342611,2102.593166,2206.051934,2302.201379,2342.584651,2453.727896,2505.7767519999998,2574.912191
Heavily indebted poor countries (HIPC),351.6044066,326.6373588,341.6989738,378.2688913,422.8004334,467.81168550000007,541.2781946,629.2276632999999,739.0828424,728.302897,779.1447554,840.1037469,862.6179162999999,937.5807607999999,962.9292205,927.4845955,897.4932554,929.4107113,955.5189072999999,947.0612336000002
Croatia,4849.534223,5391.091590999999,6233.053682,8060.257162000001,9662.775968,10530.21991,11703.33789,13962.847569999998,16309.43901,14555.99645,13923.62858,14566.638469999998,13238.101929999999,13642.193659999999,13600.19439,11782.89908,12360.48382,13412.33829,14920.191380000002,14853.23984
Haiti,467.14755880000007,417.762646,396.6338208,332.6147785,391.03461569999996,468.75726960000003,508.96880660000005,619.8127742,678.8447898,672.0369979,665.6274195,744.2174267999999,769.749381,815.8200152000001,831.8739489,815.7282844,735.3017702999999,765.7272943,868.3420248,754.5879177
Hungary,4624.281657,5276.033189,6655.333009,8421.103313,10285.79363,11200.57695,11475.822709999999,13918.96019,15753.473280000002,13046.48101,13113.525959999999,14150.966730000002,12918.24752,13687.2461,14246.1098,12651.56834,12992.37567,14457.60876,16150.77276,16475.741840000002
IBRD only,1457.24254,1462.115965,1469.080452,1636.092968,1926.081069,2279.136511,2675.424485,3292.3317899999997,3914.321957,3759.6624810000003,4520.586656,5287.113108,5566.795982,5823.532083,5965.913145,5581.205514,5571.601027000001,6091.709777,6451.685682,6564.920147
IDA & IBRD total,1239.248535,1237.697866,1245.447989,1382.979187,1621.566275,1909.0494399999998,2236.821762,2732.60977,3238.502622,3103.944674,3707.50905,4311.53819,4528.972274000001,4736.528497,4851.424618,4537.976928,4503.145178,4885.474243,5153.202106000001,5227.759059
IDA total,435.33095729999997,420.3350858,442.0052078,485.32312029999997,555.4695746,629.8195775,740.90076,847.9122545,992.9410116,954.1464839,1074.340129,1190.5070130000001,1250.498231,1347.4339300000001,1422.525515,1370.73525,1299.267674,1312.7258880000002,1359.6962330000001,1377.49082
IDA blend,572.5584673,558.0220051,601.9299139999999,660.2057649000001,786.0233961,917.1018339999999,1122.662298,1264.850917,1464.524963,1339.974593,1536.688862,1730.326711,1859.438279,1977.510202,2105.0417780000002,1957.863442,1771.7391280000002,1714.469866,1753.091302,1762.411154
Indonesia,780.190201,748.2576157000001,900.1775757000001,1065.648539,1150.261315,1263.287321,1589.801489,1860.002763,2166.854167,2261.2472239999997,3122.362815,3643.043936,3694.348946,3623.911582,3491.6247909999997,3331.6951280000003,3562.845756,3837.6517310000004,3893.846425,4135.569263
IDA only,364.2078687,348.9971805,359.15483789999996,394.84016610000003,436.39105199999995,481.58763099999993,544.0263959,632.767972,750.0322775000001,757.0900257999999,836.6672824,911.4168189999999,933.7731072,1019.86625,1066.54824,1066.1569439999998,1057.255824,1110.3557970000002,1162.750266,1185.8418589999999
Isle of Man,20322.94615,21352.21605,24864.43629,29520.0323,35492.43553,37761.03605,42106.80118,54194.986410000005,70994.40895,65031.33187,69766.52119,77351.95887999999,76104.68137,80431.6728,88974.22865,81606.28003,79155.54167,80989.17221,,
India,443.31419339999997,451.5730011,470.98678590000003,546.7266145,627.7742473,714.8610135,806.7532806,1028.334771,998.5223390000001,1101.96084,1357.563719,1458.103527,1443.8795289999998,1449.605912,1573.881492,1605.605434,1732.564262,1981.65105,2005.8630050000002,2104.1459
Not classified,,,,,,,,,,,,,,,,,,,,
Ireland,26241.36461,28227.72753,32541.0986,41106.92527,47631.01066,50878.22361,54306.42932,61359.74137999999,61262.10056,52105.152480000004,48715.17686,51848.90973,48917.897560000005,51590.18845,55492.982679999994,61995.42277999999,63197.082370000004,69822.34718,78621.22796,78660.95646
"Iran, Islamic Rep.",1670.00947,1909.412278,1911.6787920000002,2253.936132,2756.198742,3246.0510289999997,3774.3578409999996,4904.666252,5717.3144649999995,5709.94798,6599.660938,7781.406114,7927.846901999999,6018.324473,5585.526758,4904.326877,5253.424843,5520.310789,,
Iraq,,,,,1391.963489,1855.522004,2373.214785,3182.947982,4636.610978,3853.940935,4657.280425999999,6045.495551,6836.027313,7076.5546079999995,6818.804620999999,4989.803075,4776.726499,5205.2882549999995,5834.166211,5955.10901
Iceland,32018.063680000003,28793.96075,32326.638239999997,39423.92801,47367.27817,56658.592670000005,56673.602439999995,69054.27079,56409.7731,41333.41853,43024.92349,47516.87469,45910.02055,49522.23659,54241.93466,52564.429189999995,61466.80397000001,71310.93925,72968.70422999999,66944.82551
Israel,21043.574930000002,20306.932240000002,18435.89476,18979.32345,19896.817740000002,20566.64549,21837.37849,24924.33095,29567.80388,27715.636810000004,30693.593080000002,33669.24647,32511.23785,36309.46883,37678.88977,35776.79517,37321.624039999995,40541.862089999995,41719.725439999995,43641.39774
Italy,20087.59199,20483.21599,22270.144119999997,27465.6753,31259.7165,32043.140369999997,33501.65817,37822.665239999995,40778.34274,37079.758669999996,36000.52012,38599.062210000004,35053.52624,35549.9747,35518.41529,30230.2263,30939.71425,32406.72032,34520.08516,33189.5658
Jamaica,3384.694861,3431.416469,3599.973172,3469.1515649999997,3725.109093,4089.1984420000003,4321.043327,4633.944386,4917.718398,4316.231053,4704.0544549999995,5111.471413,5209.851931,4989.171391,4833.790318,4907.503720000001,4843.338474,5069.183838,5354.236859000001,5582.2637780000005
Jordan,1674.825261,1744.463602,1827.335753,1902.589902,2073.641321,2214.0178170000004,2548.268658,2773.7402420000003,3398.151722,3504.00246,3690.113268,3816.279258,3877.3393450000003,3998.0274729999996,4072.765475,4105.448961,4103.7336,4162.820686999999,4241.788782,4330.329346
Japan,38532.04088,33846.465639999995,32289.350539999996,34808.39092,37688.72234,37217.64873,35433.98896,35275.22843,39339.297569999995,40855.175639999994,44507.67639,48167.99727,48603.47665,40454.44746,38109.412110000005,34524.469860000005,38761.81815,38386.51115,39159.42356,40246.88013
Kazakhstan,1229.000958,1490.9270900000001,1658.030785,2068.124118,2874.288291,3771.278957,5291.57565,6771.414796999999,8513.564645,7165.223175,9070.488253,11634.0019,12386.7,13890.631769999998,12807.260690000001,10510.77189,7714.841844,9247.581331,9812.601405,9731.145207
Kenya,397.4826588,395.3295318,389.542711,429.7878437,451.6687159,511.6164222,685.9545322,825.6665975999999,902.0700257999999,905.1317861,951.6879610999999,971.6333289999999,1136.871406,1210.388014,1315.804535,1336.883349,1410.527568,1572.3354960000001,1707.986805,1816.546916
Kyrgyz Republic,279.6195693,308.40961160000006,321.7270332,380.50643239999994,433.2349766,476.55213,543.1107024,721.7686908,966.3936272,871.2243892999999,880.0377751,1123.883168,1177.974735,1282.437162,1279.769783,1121.082835,1120.6665130000001,1242.7696429999999,1308.140165,1309.392992
Cambodia,302.57716360000006,321.1503013,338.9872627,362.3357077,408.5138263,474.1112278,539.7501687000001,631.5248421,745.6091807,738.0547836000001,785.5022829,882.2754926000001,950.8803460000001,1013.420401,1093.496191,1162.90492,1269.591257,1385.25998,1512.12671,1643.1213890000001
Kiribati,796.8881748,735.0262947000001,826.9452801,1015.7241720000001,1131.140005,1214.556667,1168.448531,1374.452153,1428.120516,1311.999002,1516.811869,1735.0183579999998,1788.505421,1715.7653309999998,1642.7625970000001,1542.57525,1584.807446,1640.500104,1698.256286,1655.078839
St. Kitts and Nevis,9836.195568000001,10660.41173,11011.379579999999,10631.406990000001,11424.9729,12329.66101,13612.7678,14426.83212,15590.52879,15388.367240000001,15508.768109999999,16538.171440000002,16044.70548,16684.953019999997,18052.03596,18029.32554,18811.873369999998,19155.2894,19275.27726,19896.4957
"Korea, Rep.",12256.99357,11561.248370000001,13165.06574,14672.857469999999,16496.12009,19402.502630000003,21743.47745,24086.41044,21350.42798,19143.851609999998,23087.22564,25096.263880000002,25466.76052,27182.734310000003,29249.57522,28732.23108,29288.87044,31616.8434,33340.26515,31761.977689999996
Kuwait,18440.37852,16587.177669999997,17846.32606,22148.37815,27011.72765,35591.00578,42781.3665,45782.276560000006,55494.95099,37561.67267,38577.49828,48631.6913,51979.105169999995,49388.13741,44062.317039999994,29869.529389999996,27653.066769999998,29759.436489999996,33994.38192,32031.9801
Latin America & Caribbean (excluding high income),4224.621113,4066.226283,3567.8652,3583.514979,4069.502139,4884.0919030000005,5662.570882,6635.782074000001,7677.581129000001,7110.086051,8767.05888,9870.706096,9825.143454000001,9936.316767,10062.26923,8461.077390999999,8142.7700239999995,8990.524504,8583.068002,8368.446391
Lao PDR,325.1869982,326.94190760000004,320.06151789999996,362.8214135,417.92850419999996,475.6107135,590.6327074,710.344815,900.3236718,948.6539322999998,1140.599205,1378.361365,1581.395403,1825.6651129999998,1998.3352149999998,2134.711796,2308.800482,2423.846203,2542.486528,2534.898277
Lebanon,4491.637259,4422.387076,4579.459593,4576.390746,4630.789572,4575.105512,4626.859808,5207.795999999999,6111.332411,7354.953605,7761.646191,7674.83535,7950.695378,7931.080476,7686.25603,7644.548656999999,7629.891117,7801.178658,8024.803271,7784.316856999999
Liberia,306.8328947,306.71035539999997,306.473737,243.0893405,286.0649989,294.8930368,336.1156743,396.60176129999996,478.3999379,470.94761960000005,513.4456986,596.8970811,657.9362563,721.9300553999999,721.1827948,710.3838577,714.6233922,698.7017643999999,677.3221785000001,621.8929536
Libya,7142.774452,6266.490972,3703.048308,4673.143913,5800.5979689999995,8163.010778,9336.356670000001,11300.191340000001,14382.57629,10275.26656,12064.780690000001,5554.179164,13025.28139,10363.789490000001,6466.91027,4337.919139,4035.1943159999996,5756.69845,7877.122251000001,7683.750611
St. Lucia,5950.3511960000005,5642.92727,5646.456535,6150.921369,6591.849178,6948.821454000001,7669.074351,7970.035701000001,8456.694631999999,8137.845494,8540.414378,8983.436673,9086.799462,9378.562363,9843.915819,10093.89976,10361.8141,11047.44499,11357.889009999999,11611.41545
Latin America & Caribbean,4394.933601,4239.883339999999,3753.0974579999997,3784.2790630000004,4305.82904,5141.974235000001,5952.577109000001,6928.701379000001,7958.466415999999,7393.212514,9065.807546,10193.857240000001,10186.95946,10326.13436,10417.35374,8870.63068,8577.358726,9432.971184999999,9081.194527,8847.43187
Least developed countries: UN classification,328.249892,305.88795310000006,323.993595,358.5640937,400.8328962,458.6473176,523.4365051,612.8754877,741.8521794,729.4826172999999,813.2670307999999,903.5097720000001,935.4819809,997.2093156,1053.028615,1014.3803730000001,978.7413075,1041.228276,1056.786187,1069.681699
Low income,323.8877867,294.8763841,308.66085469999996,329.46576980000003,372.603752,423.565554,483.99675830000007,576.3358212999999,679.0670705,679.5028861000001,734.2035212000001,773.2421812000001,790.4963907,845.7405124,883.9699919,860.5686206,774.5072735,779.6083179,781.5327819,779.8189412
Liechtenstein,74853.93873,74267.48649,79359.80467,89851.97716000001,100265.9551,105414.442,114390.5997,130655.63699999999,143255.9816,126082.4926,141200.38,158156.5998,149010.2249,173058.3174,178845.63100000002,167290.94,165629.1905,173356.0513,,
Sri Lanka,869.6965166000001,832.8034402000001,867.4912137,982.1956458999999,1065.784437,1248.698185,1435.817177,1630.3889060000001,2037.3221030000002,2090.4018260000003,2799.648876,3200.8338289999997,3350.5218760000002,3610.2893630000003,3819.2535299999995,3843.780672,3886.2915020000005,4077.043721,4080.567125,3853.083693
Lower middle income,565.8631216,565.0188354,587.1580695,657.9568703,749.6450025,859.901257,994.5662633,1198.987715,1321.381507,1311.8838150000001,1542.652453,1709.884166,1775.6242550000002,1843.3321429999999,1935.2398739999999,1886.7258940000002,1920.0476859999999,2034.8935809999998,2090.130109,2176.558227
Low & middle income,1188.611198,1184.774323,1191.595401,1322.836552,1547.9471740000001,1819.758841,2134.32103,2605.330277,3086.162478,2980.204428,3576.05292,4167.7108960000005,4393.63289,4593.900589,4709.48357,4415.522911,4380.328093,4749.356416,5001.970026,5080.365496
Lesotho,436.48835199999996,405.6053137,382.1901735,573.6537676,753.3807868,842.8130532,904.6034022,863.7796314999999,884.9626748,890.9963832999998,1137.275702,1308.6900660000001,1253.6962019999999,1193.713257,1223.333032,1152.139827,1043.569792,1150.079173,1221.883763,1157.5351640000001
Late-demographic dividend,1663.811967,1707.4007550000001,1796.7161449999999,2034.476639,2430.62412,2915.184504,3495.979211,4377.57265,5408.660898,5194.140284,6192.389209,7502.030598,7978.5853560000005,8548.159629,8818.869795999999,8218.384972,8187.213159999999,9031.340769,9840.781998,10000.48201
Lithuania,3297.354701,3530.147337,4146.9879280000005,5505.535669,6706.966998,7863.162009000001,9240.642548,12297.91535,14961.568180000002,11837.391029999999,11957.084209999999,14354.188380000001,14339.287869999998,15702.143059999999,16548.40641,14249.114969999999,14999.479640000001,16882.63947,19080.61737,19455.454130000002
Luxembourg,48735.99549,48179.42085,52930.64115,65445.88503,75716.35108,80289.69641,89739.7117,106018.4928,114293.8433,103198.6693,104965.3061,115761.5077,106749.0136,113625.1329,118823.6484,101376.4966,104278.391,107627.151,116654.2611,114704.5942
Latvia,3351.230706,3566.1711189999996,4125.210034000001,5127.593575,6343.143526,7552.873893999999,9663.373451000001,14042.462419999998,16376.99836,12257.21657,11348.40623,13832.39118,13850.64282,15041.17446,15740.32675,13698.93795,14153.41492,15586.581890000001,17805.28031,17836.36489
"Macao SAR, China",15710.086930000001,15552.950380000002,16315.363630000002,17808.90151,22446.336369999997,25043.01895,29950.773110000002,36352.91846,40597.55748,40796.96183,52253.15531,66644.38534,76291.84749,89287.45402,93777.1068,75340.98698,74061.08602999999,81516.67492,87208.53591,84096.39631
St. Martin (French part),,,,,,,,,,,,,,,,,,,,
Morocco,1334.943051,1339.293577,1416.488158,1725.458038,1952.90183,2018.025743,2196.01219,2499.2599379999997,2890.360083,2866.924199,2839.9251679999998,3046.9491359999997,2912.658275,3121.681176,3171.699192,2875.257985,2896.720003,3036.325255,3222.200634,3204.095003
Monaco,82367.99128,83734.77997999999,90501.3418,108627.3057,123519.806,124193.6056,134044.7012,169961.3839,185721.7942,154762.1994,150725.1941,169020.8878,157515.8991,177664.1156,189422.2188,166011.5091,170028.6557,167517.0597,185829.018,
Moldova,440.6720307,507.5576584,570.9726454,682.5255087999999,897.4499588,1034.707058,1183.379211,1531.6854759999999,2111.201495,1899.0101170000003,2437.529978,2942.255949,3045.739874,3322.038436,3328.801449,2732.457113,2880.439281,3509.69345,4233.999556000001,4498.52085
Madagascar,293.60715739999995,334.44163829999997,319.216474,368.7971942,284.48764639999996,319.5374402,338.7511265,438.65529010000006,536.3514594999999,467.5397549,471.95919699999996,531.2655718000001,518.1529543,541.0662,530.8613456999999,467.2353994,475.9554172,515.2927248999999,527.5013261,522.2198092
Maldives,2234.579866,3039.334623,3049.197616,3475.9833049999997,3941.431136,3639.966576,4809.963115,5574.451876,6614.159147,6636.412415999999,7076.662423000001,7291.427640000001,7265.613656,7928.457365,8499.365762000001,9033.390413,9209.288625,9540.634349,10330.615609999999,10790.500240000001
Middle East & North Africa,3066.34667,3020.652289,2953.134791,3265.2257670000004,3738.4254170000004,4410.601214,5056.227604,5868.756017000001,7177.970224,6274.4023990000005,7169.344653,8324.984473,8894.861579,8652.347581999999,8537.258823999999,7371.998334999999,7265.221145999999,7411.423129000001,8049.979551,8104.501888
Mexico,7157.8145,7544.568648,7593.137793000001,7075.369643000001,7484.486542000001,8277.671251,9068.294387,9642.680605,10016.5713,8002.972106,9271.398233,10203.42085,10241.727920000001,10725.18332,10922.37605,9605.952351,8739.756043000001,9278.418168,9673.443674,9863.072699
Marshall Islands,2272.722795,2388.549648,2515.5279739999996,2458.068318,2456.244952,2568.361142,2608.6054480000003,2745.438975,2726.097483,2698.179556,2876.994997,3083.83188,3224.338382,3296.698163,3230.02326,3213.8372879999997,3473.7750060000003,3666.6953740000004,3788.1635939999996,
Middle income,1264.567026,1263.792712,1271.400459,1413.961834,1657.425946,1951.823525,2292.905302,2803.427178,3325.115449,3212.848716,3866.1938450000002,4517.714608,4770.005245,4991.390481,5121.3307939999995,4804.481578,4778.762823,5193.1639,5480.309215,5575.440915
North Macedonia,1854.1459559999998,1815.920091,1961.203736,2408.80011,2762.5603579999997,3037.75311,3325.635809,4036.2027700000003,4793.443668999999,4544.0088350000005,4542.899717,5063.786986,4698.141294,5210.67583,5468.480869,4840.273123,5129.15896,5430.87421,6062.942604,6093.14769
Mali,269.87113769999996,307.4369205,334.83652060000003,392.52475899999996,440.16844180000004,489.02106900000007,523.0386031,596.6901888,694.2776501,698.8989219,710.2742022000001,837.6034406,778.6192858,805.032838,848.302758,751.4786686000001,780.38787,830.5574088,900.1101645,890.7372855000001
Malta,10391.00432,10346.55337,11281.140309999999,13587.809269999998,15063.20518,15857.603159999999,16671.5672,19375.5696,21928.70067,20675.58259,21107.36443,22858.58609,21916.41159,23837.27999,26008.827719999997,24002.52329,25133.04565,27239.0701,30133.46617,29416.230610000002
Myanmar,190.6062319,137.1683267,142.08226519999997,217.39041890000001,217.59428259999999,244.88234989999998,294.1631813,406.7286892,638.1490599,734.4460067000001,979.05163,1176.2424529999998,1165.7943289999998,1162.33144,1251.820765,1287.4304869999999,1266.546338,1291.5424130000001,1418.177623,1407.813143
Middle East & North Africa (excluding high income),1617.711922,1644.650416,1568.858242,1739.207831,1980.939357,2293.032787,2617.81523,3179.414991,3867.5114310000004,3666.5978979999995,4157.898814,4621.789588000001,5011.268306,4605.550672,4466.556485,3944.3492509999996,3928.7925880000003,3793.932018,,
Montenegro,1627.072633,1909.598702,2106.635068,2789.159065,3380.165121,3674.617924,4425.678873,5976.394145,7367.7519090000005,6727.107767,6682.281158,7318.74469,6586.721279,7189.293287,7388.1477939999995,6517.163752,7033.604898999999,7803.411137,8850.092733,8832.036836
Mongolia,474.21689649999996,524.0553079,571.5926394999999,646.1932562999999,797.9786852999999,998.8313648,1334.211681,1632.726952,2136.5632140000002,1714.360545,2643.292914,3757.5586329999996,4351.88692,4366.075901,4158.525715,3918.5791740000004,3660.1507460000003,3669.41754,4134.987198,4295.235025
Northern Mariana Islands,,,21978.774390000002,21381.607330000003,21136.847990000002,18764.811999999998,17715.90136,16986.90668,17189.93135,14669.7913,14804.24673,13571.058280000001,13827.7697,14274.24065,15278.90787,16690.5701,22246.74308,28305.222589999998,23258.67586,
Mozambique,313.5680341,291.467739,299.6830541,323.52258870000003,381.1565927,415.348291,434.0340288,480.9335201,564.4794877,519.7604047,471.1816926,594.5864667000001,657.6453378,664.0782118,673.9699555,589.8590281,428.926488,461.41509410000003,498.95722019999994,491.80472310000005
Mauritania,676.5676584,646.116311,639.6671223999999,717.9003701,803.7776421,970.8436447999999,1288.144297,1351.456842,1558.889743,1392.464144,1610.923908,1879.771427,1815.219429,1892.095487,1677.108166,1524.072883,1536.85415,1578.114174,1600.876469,1677.919253
Mauritius,3929.0754950000005,3856.6252270000005,4018.9488969999998,4793.7181789999995,5388.065784,5282.906022,5695.969327000001,6574.654338,8030.063005,7318.12641,8000.376431999999,9197.026972,9291.227619,9637.00265,10153.93822,9260.447303,9681.618567,10484.90836,11208.22737,11203.540579999999
Malawi,156.3857186,150.1489558,298.43338489999996,267.3990565,282.56708460000004,289.55516889999996,308.1634757,332.25914439999997,387.6059753,438.2120429,478.6685897,534.9512647,391.56183239999996,348.43026960000003,371.2697496,380.59703310000003,315.7773264,356.7175732,381.2589876,411.5523404
Malaysia,4043.662051,3913.4287259999996,4165.726104,4461.8476869999995,4952.212975,5587.02565,6209.124508,7243.455987,8474.586829,7292.494447,9040.566251,10399.37275,10817.44287,10970.12328,11319.079759999999,9955.242127,9817.740861,10254.23402,11373.233,11414.83766
North America,35147.87659,35822.80361,36666.270319999996,38391.00675,40766.67325,43349.0056,45724.25136,47646.43886,48215.111789999995,46483.025089999996,48374.0946,50111.9823,51723.225660000004,53077.24208,54637.83259,55502.6915,56364.85516,58467.97381,61163.83877,63181.79576
Namibia,2136.440243,1906.292604,1769.1759100000002,2560.774036,3396.911932,3674.002201,3974.522425,4356.244511999999,4153.247938,4265.258745,5318.00694,5723.32549,5942.273788,5377.7273270000005,5435.171911,4869.378406,4523.09127,5303.309133,5495.428836,4957.458006
New Caledonia,12579.59511,,,,,,,,,,,,,,,,,,,
Niger,197.5244629,208.0676622,227.1362787,267.8532881,285.09509069999996,321.0898362,335.34143789999996,387.7808911,473.4146716,459.4241732,473.29987750000004,508.39656809999997,526.3509656,548.8929548,562.1218446,483.33928219999996,494.7187135,516.8882472,571.5269922,554.6009687000001
Nigeria,567.930736,590.3818150000001,741.7475112000001,795.3862467,1007.8743279999999,1268.383443,1656.424759,1883.461311,2242.871886,1891.33537,2292.4451559999998,2520.404166,2746.991789,2998.072843,3222.693537,2730.430324,2175.99967,1968.5595879999998,2032.729709,2229.8586960000002
Nicaragua,1007.5014289999999,1034.551588,1000.935948,1005.732473,1080.268112,1162.290113,1226.642974,1327.959699,1499.258678,1444.372527,1503.870423,1655.8018240000001,1760.454387,1811.639193,1934.0695079999998,2049.84969,2107.56718,2159.163079,2020.5470280000002,1912.9037449999998
Netherlands,26149.41108,26873.27593,29204.03983,35672.2066,40362.39478,41979.05585,44863.35063,51733.44213,57644.47997000001,52514.02712,50950.03434,54159.34661,50073.00566,52184.06185,52830.174230000004,45175.231889999995,46007.85292,48675.22234,53048.09621,52447.831439999994
Norway,38131.46061,38542.7151,43084.47247,50134.89077,57603.83602,66810.47852,74148.32007999999,85139.96045,96944.09561,79977.69708,87693.79007,100600.5624,101524.1419,102913.4508,97019.18275,74355.51586,70459.1825,75496.75406,81734.46557,75419.63487000001
Nepal,229.4902871,246.725629,244.72082369999998,252.40243230000004,286.15759380000003,315.80563,346.9452514,391.3801314,470.45554730000003,478.1731816000001,592.4010975,699.4293377,698.4664794,715.923743,743.4133813,792.5528906000001,777.1475955,911.4442664999999,1038.6516470000001,1071.050761
Nauru,,,,,,,,,,,4754.0750020000005,6568.102582,9429.633377,9101.91698,8829.356719,6956.253801000001,7670.116404,8510.868408,9762.389302,9396.981967
New Zealand,13641.102719999999,13882.85683,16874.18749,21913.708169999998,25420.23488,27751.065469999998,26671.32942,32511.12666,31290.25372,28205.732839999997,33700.126039999996,38437.54316,39982.7543,42962.98821,44553.282210000005,38615.99518,40105.61339,42849.42632,42949.93058,42084.35337
OECD members,22976.91686,22603.74724,23405.56163,26000.13855,28737.008380000003,30183.4631,31617.09984,34347.42894,36112.35518,33569.301289999996,34983.487389999995,37434.520019999996,37184.8135,37447.50456,37980.486110000005,35605.23919,36030.91319,37370.048989999996,39261.409510000005,39399.049230000004
Oman,8601.25417,8475.964136,8626.984097,9066.347498000001,10126.1161,12377.068070000001,14420.51706,15838.46561,22139.64041,16823.77165,18756.97925,20921.14598,21902.58136,20926.55405,20131.916719999997,16028.75136,14618.875380000001,15130.94374,16414.88802,15474.032480000002
Other small states,4363.711976,4268.064904999999,4528.323401,5539.430641,6745.478687999999,8000.601109,9167.812012,10943.394390000001,13026.796409999999,10900.47631,12366.33726,14891.41211,15211.576980000002,15541.896480000001,15741.33979,12793.93105,12385.06369,13404.409740000001,14632.39859,13981.58378
Pakistan,576.1956006,544.4942738,534.3038828,599.3763227000001,687.8364171000001,748.9225845999999,836.8605211,908.0950905999999,990.8465996,957.9956808000001,987.4097230000001,1164.976129,1198.109001,1208.90431,1251.164104,1356.667756,1368.454326,1464.993305,1482.305667,1284.702041
Panama,4060.324493,4046.4199810000005,4126.241558,4267.303325,4592.152614,4916.914994,5348.895292,6166.180721,7154.274495999999,7576.140467,8082.028459,9358.251475,10722.28363,11889.127629999999,12796.07004,13630.307969999998,14343.963630000002,15150.34561,15592.573680000001,15731.01603
Peru,1955.588006,1941.4756320000001,2021.2397399999998,2145.6431829999997,2417.0355010000003,2729.498682,3154.3312370000003,3606.070435,4220.616969,4196.312793,5082.354757,5869.32308,6528.972218,6756.752769,6672.880255,6229.101696,6204.99726,6710.508029,6941.235848,6977.6957840000005
Philippines,1072.809064,990.5638962000002,1036.159313,1048.008192,1121.489632,1244.349041,1452.438656,1744.6403129999999,1991.2315420000002,1905.894711,2217.474009,2450.733656,2694.305473,2871.430902,2959.648452,3001.040371,3073.6536149999997,3123.2342289999997,3252.0923239999997,3485.084218
Palau,7647.929861,8085.066543000001,8302.011509,7762.224242,8299.496653,9325.554825,9673.945752,10159.21808,10587.27545,10028.40033,10219.9276,10884.41251,11967.30726,12688.19721,13794.791780000001,15871.842630000001,16932.33286,16078.26819,15859.43486,
Papua New Guinea,602.1869022999999,515.6846078,491.83430810000004,568.2464399,618.0368977,749.1863962,1256.978891,1401.947182,1672.9507839999999,1626.312399,1949.352518,2406.909679,2790.676669,2729.891906,2920.7837210000002,2679.3455879999997,2509.631457,2695.251883,2720.385245,2845.180186
Poland,4492.727604,4981.198619,5196.9329210000005,5693.377763,6681.178818,8020.963164,9038.654806999999,11255.37983,14001.38156,11527.53442,12599.53358,13893.509259999999,13145.53926,13781.062609999999,14347.91458,12572.4266,12431.81589,13861.30936,15460.64428,15595.227030000002
Pre-demographic dividend,442.7386518999999,425.7861431,491.46104389999994,544.0369149,644.6740871000001,780.2501304,960.2702157,1129.47229,1383.065088,1220.217609,1396.887209,1575.221066,1678.432495,1791.2654899999998,1856.5260050000002,1589.453392,1398.969415,1414.800843,1449.0345109999998,1472.3854019999999
Puerto Rico,16192.12697,18123.1987,18731.45939,19557.12025,20988.99233,21959.3227,22935.94116,23664.88235,24898.334590000002,25768.72589,26435.74879,27278.88305,27944.733889999996,28513.165739999997,28981.45733,29763.4883,30627.1634,31108.75275,31621.89347,32873.71927
"Korea, Dem. Peoples Rep.",,,,,,,,,,,,,,,,,,,,
Portugal,11497.75346,11724.6115,12875.32079,15762.97579,18031.00042,18773.12536,19822.84603,22782.09462,24847.545140000002,23059.79745,22498.69086,23186.91313,20564.88986,21647.04181,22074.30076,19242.366469999997,19978.40121,21490.42986,23461.57186,23145.04082
Paraguay,1663.605252,1565.053712,1300.851426,1365.416418,1679.497171,1843.633791,2271.090038,2976.825503,4041.5838759999997,3624.571058,4355.934939,5322.963760000001,5183.082877000001,5926.8328630000005,6102.943233,5406.703857,5319.410218,5680.580768,5805.6756159999995,5414.799138
West Bank and Gaza,1476.17185,1335.553195,1156.2174730000002,1257.69857,1337.565724,1455.187875,1441.4617,1575.5634,1857.8905149999998,1970.182963,2354.125987,2695.193853,2834.021525,3060.312389,3046.821798,2967.8517469999997,3074.291152,3254.4858870000003,3198.866644,
Pacific island small states,1765.114099,1710.63837,1779.138499,2058.5583070000002,2348.481438,2551.1755559999997,2647.0440989999997,2879.026928,3032.336641,2652.479604,2905.02252,3401.3186100000003,3568.80296,3654.826603,3919.673053,3776.1994210000003,3899.5806270000003,4132.18527,4223.9584159999995,4192.973761
Post-demographic dividend,25755.240569999998,25398.32977,26354.277169999998,29410.4894,32511.38606,34054.572980000004,35653.006239999995,38685.96018,40642.36723,38101.47888,39558.90854,42364.22576,42149.35382,42388.85788,43064.32042,40584.26096,41289.581439999994,42879.59117,45243.53343,45530.24815
French Polynesia,14323.820819999999,,,,,,,,,,,,,,,,,,,
Qatar,29976.117039999997,28517.26721,30214.859010000004,34517.75509,42124.82901,51455.594189999996,59530.15354,65421.75277000001,80234.47007000001,59094.44494,67403.1603,82409.58033,85076.14792999999,85050.91097000001,83858.52837999999,63039.01655,57163.06099,61264.396479999996,68793.78444,64781.7332
Romania,1659.9076400000001,1825.179805,2119.882673,2679.4119100000003,3494.9445170000004,4617.929016,5757.496429,8360.166320999999,10435.04398,8548.118672,8209.919456,9104.995622,8535.046876,9555.244217,10026.97358,8977.437382,9567.129345000001,10807.795390000001,12408.59649,12919.52964
Russian Federation,1771.594059,2100.352512,2377.529577,2975.125353,4102.364833,5323.463083,6920.189125,9101.255049,11635.27293,8562.813277,10674.99578,14311.084319999998,15420.87454,15974.64463,14095.64874,9313.013625,8704.898412999999,10720.33259,11370.81346,11584.99538
Rwanda,218.68016269999998,203.4568715,199.0673298,215.74898149999999,240.64929359999996,291.9966862,368.24889289999993,440.33018089999996,545.7551005,582.0572768,612.3436991000001,671.50994,728.6972971,726.1801569,747.0005116000001,754.906789,748.5044181,772.3184718,782.6181409,801.656187
South Asia,453.23760439999995,455.8581365,469.71218150000004,538.7111364,613.9477973999999,691.6926143999999,774.8637936000001,959.3051362,959.4611971,1041.994394,1257.4994390000002,1367.313138,1364.416403,1381.856627,1494.420765,1541.803686,1651.089463,1866.8860670000001,1899.609233,1959.9171649999998
Saudi Arabia,9171.330145,8684.647401,8695.400072,9609.966975,11185.13337,13791.44629,15384.74015,16516.62362,20078.25779,16113.14249,19262.54768,23745.80161,25243.3587,24844.74437,24463.903159999998,20627.932780000003,19879.29753,20803.74257,23338.96346,23139.79866
Sudan,366.17280760000006,383.01599869999995,418.2518413,484.8447351,573.3069260999999,689.209557,905.3097448999999,1128.41035,1304.533051,1163.796952,1401.477474,1437.773295,1457.8945820000001,1557.22831,1709.999605,1909.738755,1299.2611949999998,1111.868449,623.8672524,441.5056034
Senegal,604.6540660000001,615.2684717,656.6227077000001,823.7211451000001,940.5516918,993.9320411,1040.903994,1222.372918,1411.929332,1317.2356869999999,1280.2254699999999,1373.5207890000001,1329.9813789999998,1376.069816,1396.658225,1219.248662,1269.902108,1361.6995880000002,1465.591006,1446.830965
Singapore,23852.32703,21700.02005,22159.68886,23730.15245,27608.53737,29961.263280000003,33769.154160000006,39432.93835,40007.469260000005,38927.20688,47236.960230000004,53890.42872999999,55546.48854,56967.42579,57562.53079,55646.61875,56828.29535,60913.74533,66188.7794,65233.282439999995
Solomon Islands,1054.388246,944.6140341,784.6498272000001,744.3525546,818.0588673,880.8129913999999,949.3376001,1048.650015,1208.338618,1160.3016480000001,1290.398786,1722.4181210000002,1913.2320129999998,1977.451405,1996.781184,1914.46793,1986.416236,2059.045424,2137.6907,2127.5385079999996
Sierra Leone,138.69869219999998,229.3755148,252.3962103,266.4471103,266.5695675,292.3493252,323.3891849,360.3721418,408.4807421,391.2010053,401.8350014,448.33752549999997,566.3786569,716.8353047,714.7007123999999,588.2284527,501.41571289999996,499.3807078,533.9911843,504.46254339999996
El Salvador,2001.5380089999999,2072.2998420000004,2124.1028890000002,2209.4965079999997,2278.431843,2428.569512,2631.8204149999997,2786.157922,2933.395675,2858.4796300000003,2983.2427079999998,3266.045875,3428.384736,3509.531493,3589.0421929999998,3705.577946,3805.993666,3910.257193,4067.659449,4187.2500310000005
San Marino,36601.82755,38739.1586,41464.74643,51268.33418,59562.888739999995,60900.543289999994,64248.0507,72709.79688,78643.55065,66722.69931,60239.340710000004,57286.655,49985.34957,51572.56817,50806.534380000005,42650.31726,43842.385519999996,45394.201030000004,48481.0133,
Somalia,,,,,,,,,,,,,,,,,,,,
Serbia,914.7855093000001,1727.2811960000001,2283.846685,3005.426352,3502.8031530000003,3720.4791549999995,4382.617279,5848.476404999999,7101.0401409999995,6169.114195,5735.4228570000005,6809.159804000001,6015.9452280000005,6755.073511,6600.05665,5585.117808,5756.381194,6284.192804,7246.191986,7402.354559
Sub-Saharan Africa (excluding high income),594.2302987,552.3053492,586.8033653,716.6315987,869.7412537999999,1006.8030150000001,1165.86032,1317.7302320000001,1470.065448,1363.49385,1578.62752,1733.955781,1770.1596370000002,1838.0557440000002,1873.491817,1662.588028,1492.851119,1548.80154,1576.776615,1573.013688
South Sudan,,,,,,,,,1669.492414,1337.882084,1535.708184,1516.403915,1179.739828,1779.469334,1322.8202390000001,1119.651333,,,,
Sub-Saharan Africa,601.0638721,558.9731759,593.6589486,724.4363664,878.2731141,1014.832392,1174.204574,1327.0104099999999,1481.001792,1373.137466,1588.817977,1745.443057,1781.4331359999999,1849.6936100000003,1885.4725629999998,1673.449291,1504.238409,1560.887347,1589.425156,1585.4364679999999
Small states,4386.875772,4340.842116,4579.501454,5396.706617,6394.598298,7485.463022,8512.416733,10004.66934,11784.96984,9878.892171,11122.80301,13171.13596,13484.66686,13774.492180000001,13965.96173,11707.518479999999,11311.7329,12135.837790000001,13158.7022,12730.94449
Sao Tome and Principe,,524.6879948,577.6401566000001,678.6928396000001,745.3154519,866.5049956,883.0697315,896.8516119999999,1098.768061,1067.914125,1094.710717,1263.868022,1340.5277019999999,1577.018278,1782.798059,1595.864632,1710.1308980000001,1811.0128260000001,2001.1369780000002,1994.9064670000002
Suriname,2012.260287,1750.558371,2267.721066,2611.356086,3006.1893219999997,3590.6266159999996,5197.717047,5744.759727000001,6831.970411,7408.3891109999995,8255.796859,8263.172923,9201.008785,9402.233137000001,9472.0076,8561.974179,5539.068872,5626.795816,6003.723066,6854.906561
Slovak Republic,5413.150621,5717.21709,6533.553213,8712.698793000001,10671.82186,11685.75482,13159.75944,16085.611519999999,18677.292709999998,16531.67051,16727.29133,18338.362230000002,17460.04681,18236.98079,18670.93017,16309.07324,16505.97505,17554.30832,19428.11621,19329.0968
Slovenia,10201.30354,10479.75943,11777.155509999999,14849.03695,17233.13856,18098.908730000003,19672.965490000002,23787.64669,27483.33695,24694.23056,23509.54339,25095.13263,22643.10025,23496.60231,24214.92207,20881.76677,21622.580680000003,23500.752230000002,26054.5421,25739.24781
Sweden,29624.912669999998,27247.85773,29899.19525,37321.7979,42821.67314,43437.06312,46593.60216,53700.005339999996,56152.552339999995,46946.960269999996,52869.04429,60755.75955,58037.82132,61126.9432,60020.36046,51545.48361,51965.15715,53791.508729999994,54589.06039,51610.066060000005
Eswatini,1728.7053399999998,1521.7676199999999,1405.4418560000001,2148.619935,2699.133402,3083.826232,3176.700338,3327.441875,3137.396115,3385.842926,4168.505177,4496.6003789999995,4527.668988,4230.344056,4038.557228,3689.5187060000003,3447.6956990000003,3953.088968,4145.97411,3837.026994
Sint Maarten (Dutch part),,,,,,,,,,,,,,,,,,,,
Seychelles,7578.851053,7663.1370799999995,8331.261997,8524.961236,10176.65871,11092.51074,12014.399870000001,12154.829940000001,11122.862070000001,9706.956059999999,10804.68447,12189.095159999999,12006.68296,14765.673980000001,14700.3343,14745.34144,15068.620319999998,15906.08392,16390.82488,17401.72151
Syrian Arab Republic,1177.629268,1258.447322,1263.255122,1253.395146,1407.178424,1571.738407,1748.90568,2032.623489,,,,,,,,,,,,
Turks and Caicos Islands,,16629.342230000002,15784.60356,16382.937109999999,18187.22135,20533.91625,24561.65051,25456.30212,27648.34402,22019.657730000003,21028.40814,21835.08314,21009.88581,21328.97901,23296.336909999998,24832.59637,25995.172459999998,25933.60744,27142.2278,
Chad,165.7629866,196.9736976,220.37597639999998,291.94485160000005,453.52181720000004,658.3049578,709.7651951,798.5480012999999,925.6360843,800.4642249,892.5687203,984.7358914999999,967.3527975,979.8124096000001,1020.288204,776.0195323,693.4493865000001,665.9483527000001,726.1498811,709.5403100999999
East Asia & Pacific (IDA & IBRD countries),966.9264267000001,1019.1717800000001,1118.128125,1254.948391,1443.418627,1658.639316,1982.2665120000001,2487.589429,3124.284641,3363.455175,4048.3355460000002,4910.478775,5436.1603780000005,5954.1066789999995,6373.238577,6591.704671,6682.048699,7248.931131,8054.889784999999,8308.334363
Europe & Central Asia (IDA & IBRD countries),2053.649133,2092.1767809999997,2352.536682,2890.648956,3739.7125,4678.6174009999995,5653.550427,7258.285931,8964.16525,7083.022473999999,8276.643651,10004.59819,10396.81836,10964.152409999999,10314.48077,7997.067603,7651.578312999999,8538.356943,8877.965595,8988.92805
Togo,302.2063943,292.56735760000004,326.8556001,396.0300441,412.589392,406.40095049999996,407.6946979,449.1442328,544.1475234000001,538.4419516,534.0443668,587.0971367999999,571.8067239,621.3988536,640.9342196,570.9102790000001,597.4710888,626.0915279,678.9556381,675.5422133
Thailand,2007.735175,1893.2640600000002,2096.1879989999998,2359.116867,2660.126998,2894.062656,3369.543403,3973.0169909999995,4379.658524,4213.0063390000005,5076.340174,5492.121256,5860.582507,6168.262985,5951.883702,5840.046523,5994.231475,6592.914902,7295.475616,7808.192916
Tajikistan,138.4288795,171.0479834,190.0025003,237.75744419999998,311.6273248,340.5830327,408.83859069999994,526.6429154,715.8651105,676.1234193,749.552711,847.3821017999999,969.2964731000001,1048.227293,1104.171689,929.0958572000001,802.5180041,806.0415731,826.6215305,870.7875892999999
Turkmenistan,643.174726,774.4828307,967.8901647,1283.9112630000002,1453.916238,1704.4175309999998,2136.474322,2600.3692920000003,3904.463719,4036.4559990000002,4439.200382,5649.952278,6675.185657999999,7304.2871319999995,7962.239098,6432.680702000001,6389.548408,6587.090316,6966.635411,
Latin America & the Caribbean (IDA & IBRD countries),4306.501311,4131.339401,3623.6314850000003,3646.4139590000004,4167.848848,5010.237201,5817.829511,6805.008742,7853.422851,7269.392167,8980.719154999999,10128.63224,10111.75807,10247.21402,10334.43067,8728.07016,8417.027467,9288.199577,8924.133351,8681.196686
Timor-Leste,415.0834787,529.7902521999999,508.7916881,517.7846146,453.4767175,464.5196375,446.45774969999997,523.7336977,614.4323923,676.6227594,806.4078617,947.5137304,1013.050451,1210.033296,1232.456832,1334.6619560000001,1358.201692,1294.715534,1237.102682,1294.188934
Middle East & North Africa (IDA & IBRD countries),1619.032875,1647.880708,1573.311946,1744.456841,1988.0680550000002,2302.380502,2631.022865,3197.553159,3890.4797659999995,3686.06954,4178.708356,4644.130504,5036.720832,4623.4796799999995,4483.06104,3955.55506,3938.533311,3799.7872909999996,,
Tonga,2065.502661,1840.291495,1845.4185949999999,2033.790901,2288.593015,2598.2472,2892.039182,2925.91276,3380.613351,3062.5330910000002,3553.220614,4084.624132,4597.742305,4428.566481,4393.940811,4320.63799,3966.1565200000005,4217.476507,4364.015561,
South Asia (IDA & IBRD),453.23760439999995,455.8581365,469.71218150000004,538.7111364,613.9477973999999,691.6926143999999,774.8637936000001,959.3051362,959.4611971,1041.994394,1257.4994390000002,1367.313138,1364.416403,1381.856627,1494.420765,1541.803686,1651.089463,1866.8860670000001,1899.609233,1959.9171649999998
Sub-Saharan Africa (IDA & IBRD countries),601.0638721,558.9731759,593.6589486,724.4363664,878.2731141,1014.832392,1174.204574,1327.0104099999999,1481.001792,1373.137466,1588.817977,1745.443057,1781.4331359999999,1849.6936100000003,1885.4725629999998,1673.449291,1504.238409,1560.887347,1589.425156,1585.4364679999999
Trinidad and Tobago,6435.164683,6939.801184,7053.070804000001,8807.900379,10293.805409999999,12327.23317,14102.49585,16539.878109999998,21204.10497,14514.14172,16683.35538,19034.1492,19157.41704,20143.66445,20270.85937,18289.70434,16176.947369999998,16238.19319,17129.913090000002,17276.46545
Tunisia,2211.826817,2253.04471,2344.413533,2760.414314,3111.382703,3193.206569,3370.0339259999996,3775.75001,4307.1558780000005,4128.462783,4141.976353,4264.674946,4152.678586999999,4222.703245000001,4305.474165,3861.6885310000002,3697.930831,3481.228739,3438.789089,3317.541013
Turkey,4316.548907,3119.5657899999997,3659.939868,4718.199807999999,6040.607698,7384.251628,8035.377337999999,9711.873594,10854.17225,9038.52015,10672.38925,11335.51051,11707.25971,12519.39143,12095.85457,10948.72461,10820.63384,10513.64843,9370.176355,9042.492983
Tuvalu,1462.8547,1391.453495,1610.1494619999999,1874.4682850000002,2182.078388,2183.909889,2263.1286010000003,2644.591921,2936.8062600000003,2599.873012,3022.176507,3640.72324,3507.940655,3454.828692,3398.706483,3197.7722519999998,3255.928693,3572.493579,3700.744263,4059.029996
Tanzania,410.9523276,406.5386686,411.9723458,431.2796931,459.25928250000004,492.63137930000005,485.4974874,552.8395296,687.3904455,695.2167767999999,743.4037847,781.4370142999999,867.8676806,970.4169383999999,1030.092917,947.9334465,966.4746223999999,1004.841121,1060.994615,1122.1218099999999
Uganda,261.8689977,239.4731859,245.50007940000003,243.9015264,296.0469361,325.5903736,347.9903568,416.8986194,467.90057029999997,793.4832855000001,815.8736791,825.8384352,783.717921,803.5093739,876.3543005000001,840.4015714999999,730.6250405000001,747.1969074,767.0977596,776.7685759
Ukraine,635.7005351,780.3211789,878.6187489,1047.50279,1366.016476,1826.931391,2300.769709,3065.6112940000003,3887.2423369999997,2542.9954239999997,2965.139715,3569.7581210000003,3855.417729,4029.7112520000005,3104.6432059999997,2124.662319,2187.7305100000003,2640.675677,3096.817402,3659.0313119999996
Upper middle income,1878.1244760000002,1882.7889289999998,1882.773948,2095.388911,2482.95625,2953.439582,3494.2525590000005,4300.970143,5211.274071,5016.95753,6089.423314,7225.172229000001,7678.096345,8070.062903,8258.437751000001,7695.503939,7629.4068560000005,8364.770425,8911.911519,9040.045782
Uruguay,6875.021328,6284.4559,4090.8992670000002,3624.198052,4120.556611,5226.937806,5887.848703000001,7026.511490999999,9091.079039,9451.932449,11992.01663,14236.681190000001,15171.584659999999,16973.67421,16831.97294,15613.76427,15387.144030000001,17322.147390000002,17277.97011,16190.12696
United States,36334.90878,37133.24281,38023.16111,39496.48588,41712.80107,44114.74778,46298.731439999996,47975.96768,48382.55845,47099.98047,48467.51578,49886.81811,51610.60528,53117.66783,55047.72556,56822.518820000005,57927.51685,59957.72585,62840.02024,65118.358329999995
Uzbekistan,558.2268024,456.70628949999997,383.343068,396.377979,465.1198869,546.7768502,654.2838373,830.4076942,1082.286025,1213.265328,1634.312095,1926.2929969999998,2137.025122,2281.410973,2492.336643,2615.025134,2567.799207,1826.566919,1529.082864,1724.841134
St. Vincent and the Grenadines,3676.4396420000003,3985.683402,4272.860898,4447.743813,4810.298503,5070.512702,5625.35139,6307.214096,6415.809617,6232.719361,6292.789487,6242.195332,6390.310632,6639.607146,6684.807367,6920.878073999999,7075.065820000001,7212.960181,7361.400962000001,7463.537831000001
"Venezuela, RB",4842.037202,4986.675586,3700.879593,3272.6150239999997,4325.696756,5504.976824,6833.377894,8454.466743,11432.743859999999,11765.10018,13825.35809,10955.349909999999,12985.50533,12456.71245,16054.49051,,,,,
British Virgin Islands,,,,,,,,,,,,,,,,,,,,
Virgin Islands (U.S.),,,30126.25564,31823.124989999997,35024.47749,40929.795119999995,41560.9342,44333.06566,39207.00375,38771.27439,40043.19017,39144.16577,37849.72872,34819.14775,33573.097030000004,34797.14047,35931.54125,35938.02439,,
Vietnam,390.0933261,404.8078662,430.0528671,480.57979919999997,546.9096057999999,687.4797356,784.3724222999999,906.2841981,1149.424642,1217.268555,1317.8907060000001,1525.115988,1735.141276,1886.671896,2030.2619550000002,2085.101484,2192.214539,2365.621666,2566.59695,2715.2760359999997
Vanuatu,1470.572265,1363.113016,1354.1861689999998,1580.542444,1788.0871670000001,1887.2265760000003,2049.618856,2398.612625,2705.5976579999997,2649.618144,2966.857116,3264.537017,3133.090209,3124.233078,3088.258303,2801.939848,2889.853036,3082.356323,3095.702156,3058.065675
World,5498.329705,5396.891939,5533.425294,6131.223225,6820.615196,7297.153399,7811.936206,8694.900257,9423.757252,8830.306909,9551.335653,10488.33402,10605.20832,10781.855309999999,10952.34442,10246.50736,10281.9088,10817.48195,11374.846759999999,11428.56985
Samoa,1542.066736,1557.01718,1633.0354320000001,1909.122171,2353.5482190000002,2590.417791,2796.570246,3133.654113,3379.082093,3168.1767059999997,3566.3623780000003,3933.459357,4022.19912,4037.509315,3937.758712,4073.6660100000004,4109.165135,4258.48627,4183.408032,4315.920675
Kosovo,1087.762401,1490.361033,1413.532587,1638.104739,2086.537325,2147.4642710000003,2237.126598,2685.986222,3254.8202690000003,3209.694109,3286.557443,3741.8750520000003,3596.804655,3891.266363,4080.3307170000003,3603.0255009999996,3780.003689,4045.6142090000003,4419.914327,4417.50994
"Yemen, Rep.",554.4486334,550.3602417000001,579.8529205,620.3827587000001,709.9653061,832.8444886,921.4184438999999,1017.292001,1229.246843,1116.084594,1334.784845,1374.621285,1446.5363539999998,1607.1523650000001,1673.146354,1395.439633,1033.733043,882.3957585,968.1590476,
South Africa,3032.427138,2666.4749100000004,2502.277005,3751.2828130000003,4833.627517,5383.656543,5602.011044,6095.622439,5760.805287,5862.79734,7328.615629000001,8007.412845999999,7501.469984,6832.456891,6433.187277,5734.633629,5272.918425,6132.479840999999,6374.028196,6001.400814
Zambia,345.68955439999996,382.94117850000004,382.2421724,435.45808330000006,538.5915064,702.7409406,1047.919187,1124.2905859999998,1394.000608,1159.9077619999998,1489.459306,1672.908251,1763.0727329999997,1878.9070010000003,1763.057298,1337.79611,1280.578898,1534.865371,1556.334482,1291.343357
Zimbabwe,563.0577411,568.3859092,530.5305794,478.007405,482.9984113,476.55532360000007,447.85492419999997,431.7871883,356.6933497,771.5987859,948.3318545,1093.654002,1304.9698019999998,1430.000818,1434.89934,1445.071062,1464.583529,1548.1700560000002,1683.740577,1463.9859099999999
